IP,Status,Ping (ms)
192.168.1.0,Active,1717
192.168.1.1,Active,1367
192.168.1.2,Active,1704
192.168.1.3,Active,1695
192.168.1.4,Active,1689
192.168.1.5,Active,1680
192.168.1.6,Active,1670
192.168.1.7,Active,1661
192.168.1.8,Active,1652
192.168.1.9,Active,1643
192.168.1.10,Inactive,
192.168.1.11,Inactive,
192.168.1.12,Active,1309
192.168.1.13,Active,1615
192.168.1.14,Active,1606
192.168.1.15,Active,1597
192.168.1.16,Active,1588
192.168.1.17,Active,1579
192.168.1.18,Active,1570
192.168.1.19,Active,1273
192.168.1.20,Active,1556
192.168.1.21,Active,1548
192.168.1.22,Active,1539
192.168.1.23,Active,1530
192.168.1.24,Active,1520
192.168.1.25,Active,1512
192.168.1.26,Active,1502
192.168.1.27,Active,1493
192.168.1.28,Active,1484
192.168.1.29,Active,1475
192.168.1.30,Active,1466
192.168.1.31,Active,1457
192.168.1.32,Active,1448
192.168.1.33,Active,1439
192.168.1.34,Active,1431
192.168.1.35,Active,1421
192.168.1.36,Active,1411
192.168.1.37,Active,1402
192.168.1.38,Active,1392
192.168.1.39,Active,1382
192.168.1.40,Active,1373
192.168.1.41,Active,1363
192.168.1.42,Active,1354
192.168.1.43,Active,1344
192.168.1.44,Active,1335
192.168.1.45,Active,1326
192.168.1.46,Active,1316
192.168.1.47,Active,1307
192.168.1.48,Active,1297
192.168.1.49,Active,1288
192.168.1.50,Active,1279
192.168.1.51,Active,1269
192.168.1.52,Active,1260
192.168.1.53,Active,1250
192.168.1.54,Active,1241
192.168.1.55,Active,1231
192.168.1.56,Active,1220
192.168.1.57,Active,1210
192.168.1.58,Active,1200
192.168.1.59,Active,1190
192.168.1.60,Active,1180
192.168.1.61,Active,1170
192.168.1.62,Active,1160
192.168.1.63,Active,1150
192.168.1.64,Active,1141
192.168.1.65,Active,1131
192.168.1.66,Active,1119
192.168.1.67,Active,1109
192.168.1.68,Active,1099
192.168.1.69,Active,1089
192.168.1.70,Active,1079
192.168.1.71,Active,1068
192.168.1.72,Active,1058
192.168.1.73,Active,1047
192.168.1.74,Active,1036
192.168.1.75,Active,1805
192.168.1.76,Active,1800
192.168.1.77,Active,1794
192.168.1.78,Active,1788
192.168.1.79,Active,1781
192.168.1.80,Active,1772
192.168.1.81,Active,1765
192.168.1.82,Active,1760
192.168.1.83,Active,1751
192.168.1.84,Active,1744
192.168.1.85,Active,1737
192.168.1.86,Active,1730
192.168.1.87,Active,1723
192.168.1.88,Active,1716
192.168.1.89,Active,1709
192.168.1.90,Active,1702
192.168.1.91,Active,1694
192.168.1.92,Active,1687
192.168.1.93,Active,1681
192.168.1.94,Active,1673
192.168.1.95,Active,1665
192.168.1.96,Active,1658
192.168.1.97,Active,1651
192.168.1.98,Active,1644
192.168.1.99,Active,1637
192.168.1.100,Active,1629
192.168.1.101,Active,1622
192.168.1.102,Active,1615
192.168.1.103,Active,1607
192.168.1.104,Active,1599
192.168.1.105,Active,1592
192.168.1.106,Active,1585
192.168.1.107,Active,1577
192.168.1.108,Active,1570
192.168.1.109,Active,1562
192.168.1.110,Active,1555
192.168.1.111,Active,1548
192.168.1.112,Active,1540
192.168.1.113,Active,1533
192.168.1.114,Active,1526
192.168.1.115,Active,1517
192.168.1.116,Active,1509
192.168.1.117,Active,1500
192.168.1.118,Active,1493
192.168.1.119,Active,1484
192.168.1.120,Active,1475
192.168.1.121,Active,1466
192.168.1.122,Active,1458
192.168.1.123,Active,1449
192.168.1.124,Active,1441
192.168.1.125,Active,1432
192.168.1.126,Active,1424
192.168.1.127,Active,1415
192.168.1.128,Active,1406
192.168.1.129,Active,1397
192.168.1.130,Active,1388
192.168.1.131,Active,1380
192.168.1.132,Active,1372
192.168.1.133,Active,1363
192.168.1.134,Active,1355
192.168.1.135,Active,1346
192.168.1.136,Active,1338
192.168.1.137,Active,1330
192.168.1.138,Active,1321
192.168.1.139,Active,1312
192.168.1.140,Active,1304
192.168.1.141,Active,1295
192.168.1.142,Active,1286
192.168.1.143,Active,1277
192.168.1.144,Active,1268
192.168.1.145,Active,1259
192.168.1.146,Active,1250
192.168.1.147,Active,1242
192.168.1.148,Active,1233
192.168.1.149,Active,1224
192.168.1.150,Active,1215
192.168.1.151,Active,1207
192.168.1.152,Active,1198
192.168.1.153,Active,1190
192.168.1.154,Active,1182
192.168.1.155,Active,1173
192.168.1.156,Active,1165
192.168.1.157,Active,1156
192.168.1.158,Active,1146
192.168.1.159,Active,1137
192.168.1.160,Active,1128
192.168.1.161,Active,1119
192.168.1.162,Active,1111
192.168.1.163,Active,1102
192.168.1.164,Active,1092
192.168.1.165,Active,1084
192.168.1.166,Active,1074
192.168.1.167,Active,1065
192.168.1.168,Active,1056
192.168.1.169,Active,1046
192.168.1.170,Active,1037
192.168.1.171,Active,1028
192.168.1.172,Active,1611
192.168.1.173,Active,1607
192.168.1.174,Active,1601
192.168.1.175,Active,1595
192.168.1.176,Active,1589
192.168.1.177,Active,1586
192.168.1.178,Active,1581
192.168.1.179,Active,1573
192.168.1.180,Active,1571
192.168.1.181,Active,1563
192.168.1.182,Active,1560
192.168.1.183,Active,1554
192.168.1.184,Active,1547
192.168.1.185,Active,1542
192.168.1.186,Active,1537
192.168.1.187,Active,1532
192.168.1.188,Active,1523
192.168.1.189,Active,1522
192.168.1.190,Active,1511
192.168.1.191,Active,1507
192.168.1.192,Active,1504
192.168.1.193,Active,1494
192.168.1.194,Active,1486
192.168.1.195,Active,1480
192.168.1.196,Active,1472
192.168.1.197,Active,1466
192.168.1.198,Active,1460
192.168.1.199,Active,1453
192.168.1.200,Active,1448
192.168.1.201,Active,1441
192.168.1.202,Active,1436
192.168.1.203,Active,1429
192.168.1.204,Active,1423
192.168.1.205,Active,1416
192.168.1.206,Active,1409
192.168.1.207,Active,1403
192.168.1.208,Active,1396
192.168.1.209,Active,1390
192.168.1.210,Active,1384
192.168.1.211,Active,1379
192.168.1.212,Active,1372
192.168.1.213,Active,1366
192.168.1.214,Active,1360
192.168.1.215,Active,1354
192.168.1.216,Active,1347
192.168.1.217,Active,1342
192.168.1.218,Active,1335
192.168.1.219,Active,1328
192.168.1.220,Active,1322
192.168.1.221,Active,1315
192.168.1.222,Active,1309
192.168.1.223,Active,1302
192.168.1.224,Active,1296
192.168.1.225,Active,1289
192.168.1.226,Active,1283
192.168.1.227,Active,1276
192.168.1.228,Active,1270
192.168.1.229,Active,1263
192.168.1.230,Active,1256
192.168.1.231,Active,1250
192.168.1.232,Active,1243
192.168.1.233,Active,1235
192.168.1.234,Active,1229
192.168.1.235,Active,1221
192.168.1.236,Active,1215
192.168.1.237,Active,1208
192.168.1.238,Active,1200
192.168.1.239,Active,1194
192.168.1.240,Active,1187
192.168.1.241,Active,1180
192.168.1.242,Active,1173
192.168.1.243,Active,1166
192.168.1.244,Active,1159
192.168.1.245,Active,1151
192.168.1.246,Active,1144
192.168.1.247,Active,1137
192.168.1.248,Active,1130
192.168.1.249,Active,1123
192.168.1.250,Active,1115
192.168.1.251,Active,1108
192.168.1.252,Active,1100
192.168.1.253,Active,1093
192.168.1.254,Active,1086
192.168.1.255,Inactive,
